Id,Business Date,Security Id,Symbol,Security Name,Open Price,High Price,Low Price,Close Price,Total Traded Quantity,Total Traded Value,Previous Day Close Price,Fifty Two Week High,Fifty Two Week Low,Last Updated Time,Last Updated Price,Total Trades,Average Traded Price,Market Capitalization
1,2025-03-03,131,NABIL,Nabil Bank Limited,523,529.2,515,515,110922,57782578.4,519,700,419,2025-03-03T14:59:49.192202,515,984,520.92,139343.54
2,2025-03-03,132,NIMB,Nepal Investment Mega Bank Limited,235,237.9,229.1,229.2,250979,58176144.7,233.5,295,147.4,2025-03-03T14:59:49.386369,229.2,701,231.79,78222.74
3,2025-03-03,139,NICA,NIC Asia Bank Ltd.,410,417.9,402,404,104126,42315621.7,410,573,341.6,2025-03-03T14:59:52.803113,404,662,406.38,60266.97
4,2025-03-03,141,LSL,Laxmi Sunrise Bank Limited,242,242,234,235.5,216182,51426764.9,239.9,300,143.6,2025-03-03T14:59:31.594702,235.5,476,237.88,57336.04
5,2025-03-03,148,TRH,Taragaon Regency Hotel Limited,1190,1190,1135,1139,6843,7892952.6,1167,1538,695.1,2025-03-03T14:59:36.360701,1139,82,1153.43,22348.55
6,2025-03-03,152,NHPC,National Hydro Power Company Limited,241.2,241.2,228,228.6,191298,44454159.5,236.5,290,136,2025-03-03T14:59:59.230612,228.6,770,232.38,5638.28
7,2025-03-03,154,CHCL,Chilime Hydropower Company Limited,556.2,558.3,537,539,91865,49966390.2,550.7,697,426.3,2025-03-03T14:57:37.954131,539,428,543.91,47337.12
8,2025-03-03,155,STC,Salt Trading Corporation,5660,5660,5520,5530,4224,23429885.4,5584,7000,4210,2025-03-03T14:59:53.613672,5530,106,5546.84,17735.66
9,2025-03-03,156,BBC,Bishal Bazar Company Limited,5724,5730,5520.1,5581.1,1271,7158142.5,5628,7247,3631,2025-03-03T14:58:10.216458,5581.1,69,5631.89,223802.11
10,2025-03-03,163,NUBL,Nirdhan Utthan Laghubitta Bittiya Sanstha Limited,715,757,715,730,87801,64499761.8,706.9,930.2,600,2025-03-03T14:59:59.939357,730,757,734.61,19068.18
11,2025-03-03,164,CBBL,Chhimek Laghubitta Bittiya Sanstha Limited,918,929,902,902,24682,22566883.6,918,1155,800,2025-03-03T14:59:09.624497,902,256,914.3,29002.42
12,2025-03-03,171,SANIMA,Sanima Bank Limited,329.2,329.2,318,318.2,139589,44916147.3,322.8,382,228,2025-03-03T14:59:58.094095,318.2,526,321.77,43216.41
13,2025-03-03,176,NICL,Nepal Insurance Co. Ltd.,1030,1047,1015,1015,35759,36721143.2,1028,1162,800,2025-03-03T14:59:58.637486,1015,220,1026.9,16689.06
14,2025-03-03,178,NLICL,National Life Insurance Co. Ltd.,658,721.6,652,696.5,231279,160707419.4,656,776.1,521.3,2025-03-03T14:59:57.993643,696.5,1126,694.86,36302.51
15,2025-03-03,179,HEI,Himalayan Everest Insurance Limited,685,685,660,663,55954,37672885.7,672,810,540,2025-03-03T14:59:51.040219,663,283,673.28,16576.04
16,2025-03-03,182,SPIL,Siddhartha Premier Insurance Limited,924.2,980.4,904,961.7,106047,99033799.5,943,1076,711.5,2025-03-03T14:59:53.844284,961.7,512,933.86,26990.59
17,2025-03-03,184,PRIN,Prabhu Insurance Ltd.,1056,1077.1,1025.2,1025.6,25628,26888852.1,1039,1113,705,2025-03-03T14:59:43.301412,1025.6,185,1049.19,14783.9
18,2025-03-03,185,SALICO,Sagarmatha Lumbini Insurance Co. Limited,763,765,740.7,760.9,40443,30696888.7,754.8,926,602,2025-03-03T14:59:55.920148,760.9,200,759.01,19955.65
19,2025-03-03,186,IGI,IGI Prudential insurance Limited,663.8,664.2,641,642.2,69069,44926784.8,651.2,760,508,2025-03-03T14:59:59.258489,642.2,431,650.46,19454.39
20,2025-03-03,188,LICN,Life Insurance Corporation (Nepal) Limited,1366,1366,1301,1310,57893,76988127,1340,2475,1070,2025-03-03T14:59:49.823079,1310,498,1329.83,65500
21,2025-03-03,192,SICL,Shikhar Insurance Co. Ltd.,825,849.1,825,845,64291,53823207.9,820.1,1120,669.4,2025-03-03T14:59:56.062406,845,365,837.18,24677.73
22,2025-03-03,195,BNL,Bottlers Nepal (Balaju) Limited,21500,22368,19564,22260,791,17061866.4,21107.9,23756.4,14900,2025-03-03T14:59:54.950292,22260,36,21569.99,43382.22
23,2025-03-03,236,PFL,Pokhara Finance Ltd.,507,518,483,487,109590,54544899.2,498,795,339.9,2025-03-03T14:59:52.05121,487,880,497.71,5272.05
24,2025-03-03,238,NMB,NMB Bank Limited,269,273,265,265.1,226954,60959380.1,267.5,300,162,2025-03-03T14:59:46.936929,265.1,607,268.59,48690.14
25,2025-03-03,274,EDBL,Excel Development Bank Ltd.,750,752,730,730,46534,34393794.5,744,838.2,335.4,2025-03-03T14:59:51.575448,730,278,739.11,9122.77
26,2025-03-03,307,NTC,Nepal Doorsanchar Company Limited,988.3,996.3,960.1,963,67669,66183620.2,969,1214,800,2025-03-03T14:59:54.012845,963,571,978.04,173340
27,2025-03-03,341,GBIME,Global IME Bank Limited,239.7,239.7,231,231.2,177164,41502095.3,235,302,170,2025-03-03T14:59:58.454566,231.2,896,234.25,88123.85
28,2025-03-03,348,CZBIL,Citizens Bank International Limited,230,233,224,226,155235,35640410.5,229.8,296,152.5,2025-03-03T14:59:58.651729,226,456,229.59,33377.97
29,2025-03-03,357,PCBL,Prime Commercial Bank Ltd.,280,280,267.2,272,199335,54659295.4,277,329,186,2025-03-03T14:59:52.29354,272,520,274.2,52775.01
30,2025-03-03,385,ALICL,Asian Life Insurance Co. Limited,821,831,805.2,808,99727,81494995.6,818,831,523,2025-03-03T14:59:58.53792,808,475,817.18,27470.68
31,2025-03-03,401,MLBL,Mahalaxmi Bikas Bank Ltd.,412,416,403,403.6,44732,18185221.6,412,498,311.7,2025-03-03T14:59:57.064244,403.6,268,406.53,17340.51
32,2025-03-03,403,SJLIC,SuryaJyoti Life Insurance Company Limited,488,504,483,485,133992,66058187.9,488.2,644,395.1,2025-03-03T14:59:51.773146,485,963,493,24307.95
33,2025-03-03,417,GBBL,Garima Bikas Bank Limited,419.9,426.4,415,415.8,65900,27631448.9,415,531.4,350.1,2025-03-03T14:59:41.424052,415.8,380,419.29,23619.59
34,2025-03-03,418,JBBL,Jyoti Bikas Bank Limited,375,381,367,367,100692,37450326.3,375.4,445,275,2025-03-03T14:59:57.273928,367,427,371.92,16132.53
35,2025-03-03,474,MNBBL,Muktinath Bikas Bank Ltd.,395,396,386,388.5,87128,34132332.2,391.1,482,332.4,2025-03-03T14:59:57.968526,388.5,476,391.74,27377.35
36,2025-03-03,511,GBIMEP,Global IME Bank Ltd. Promoter Share,122,122,122,122,1074385,131074970,122,122,94.79,2025-03-03T13:43:33.976621,122,6,122,12.2
37,2025-03-03,516,MFIL,Manjushree Finance Ltd.,688.5,700,665,667,43926,29827106.2,675,917,480.2,2025-03-03T14:59:48.363575,667,361,679.03,9014.86
38,2025-03-03,517,NBL,Nepal Bank Limited,275.4,277,265.6,268,96838,26116591,271,337.5,195.1,2025-03-03T14:59:56.608827,268,462,269.69,39379.98
39,2025-03-03,583,GBLBS,Grameen Bikas Laghubitta Bittiya Sanstha Ltd.,967.9,987,931,932.5,27111,25629270.2,949,987,521.2,2025-03-03T14:59:55.720772,932.5,349,945.34,9161.81
40,2025-03-03,591,SHPC,Sanima Mai Hydropower Ltd.,508.7,531,508.7,514.6,211942,110888720.9,519,680,316,2025-03-03T14:59:54.224851,514.6,665,523.2,19235.72
41,2025-03-03,593,KMCDB,Kalika Laghubitta Bittiya Sanstha Ltd,1180,1199.9,1165,1165,5511,6490899.5,1200,1285,628,2025-03-03T14:59:57.19794,1165,122,1177.8,4749.62
42,2025-03-03,618,LLBS,Laxmi Laghubitta Bittiya Sanstha Ltd.,1223.1,1235,1205,1214,4299,5258297.5,1248,1428,720.1,2025-03-03T14:59:59.685922,1214,52,1223.14,5361.78
43,2025-03-03,632,PRVUPO,Prabhu  Bank Limited Promoter Share,113,113,113,113,9571,1081523,115.3,124,100,2025-03-03T14:04:55.397584,113,1,113,113
44,2025-03-03,686,BARUN,Barun Hydropower Co. Ltd.,481.2,499,480.6,484,93442,45589262.8,491,524,211,2025-03-03T14:59:59.266471,484,424,487.88,2593.34
45,2025-03-03,687,VLBS,Vijaya laghubitta Bittiya Sanstha Ltd.,960.1,980,942,945,6193,5966181.9,960,1174,582,2025-03-03T14:59:53.903121,945,68,963.37,7040.63
46,2025-03-03,694,MATRI,Matribhumi Lagubitta Bittiya Sanstha Limited,1333,1362,1333,1340,2918,3908032.6,1359,1716,775,2025-03-03T14:57:48.427668,1340,84,1339.28,8419.99
47,2025-03-03,695,JSLBB,Janautthan Samudayic Laghubitta Bittya Sanstha Limited,1739,1739,1650,1660,4028,6723681.9,1711,1860.4,843.4,2025-03-03T14:55:35.573365,1660,89,1669.23,2823.53
48,2025-03-03,700,HEIP,Himalayan Everest Insurance Limited Promoter,393.8,397,378.5,395,21727,8376084.4,386.1,563,327,2025-03-03T14:59:57.743039,395,62,385.51,1056.64
49,2025-03-03,2746,NMFBS,National Laghubitta Bittiya Sanstha Limited,1321,1339.9,1300,1321.1,24177,32027712.3,1318,1727,1044,2025-03-03T14:59:37.069453,1321.1,209,1324.71,17591.88
50,2025-03-03,2748,RSDC,RSDC Laghubitta Bittiya Sanstha Ltd.,750,755.9,730,738.9,16870,12451498.9,744,890,517.09,2025-03-03T14:59:59.16993,738.9,138,738.08,7640.7
51,2025-03-03,2751,KKHC,Khanikhola Hydropower Co. Ltd.,380,390,378.1,380,45071,17300020.3,384,475,209,2025-03-03T14:59:59.004809,380,288,383.83,1769.71
52,2025-03-03,2758,FOWAD,Forward Microfinance Laghubitta Bittiya Sanstha Limited,1308,1308,1280,1290,4990,6424009.5,1285,1739,995,2025-03-03T14:59:56.984967,1290,77,1287.37,15427.81
53,2025-03-03,2759,SPDL,Synergy Power Development Ltd.,371.9,373.9,355.3,358.9,116970,42381090.3,367,389,220.2,2025-03-03T14:59:59.144946,358.9,437,362.32,4342.2
54,2025-03-03,2760,UMHL,United Modi Hydropower Ltd.,433.2,434,420,428,358730,152747587.7,424.8,434,223.1,2025-03-03T14:59:58.700322,428,1142,425.8,5266.54
55,2025-03-03,2761,SMATA,Samata Gharelu Laghubitta Bittiya Sanstha Limited,902,920,901.5,910,8577,7782161.1,918,1271,580.1,2025-03-03T14:59:25.187781,910,200,907.32,5724.37
56,2025-03-03,2766,CHL,Chhyangdi Hydropower Ltd.,545.1,576,535,536,89418,49255067.3,556.2,599.7,283.2,2025-03-03T14:59:58.369424,536,435,550.84,2074.2
57,2025-03-03,2770,SEF,Siddhartha Equity Fund,9.81,10,9.81,9.87,92300,920370,10.01,10.49,7.42,2025-03-03T14:42:49.531793,9.87,24,9.97,1480.5
58,2025-03-03,2771,SMB,Support Microfinance Bittiya Sanstha Ltd.,3130,3130,2950,2970,8047,24117076.5,3180,4026.2,947.3,2025-03-03T14:59:57.270896,2970,244,2997.02,3636.57
59,2025-03-03,2774,USLB,Unnati Sahakarya Laghubitta Bittiya Sanstha Limited,1879,1900,1807,1819,8422,15443933.7,1879,2363.3,1078,2025-03-03T14:58:37.429103,1819,130,1833.76,4490.49
60,2025-03-03,2779,NICGF,NIC Asia Growth Fund,10.73,10.9,10.73,10.8,18815,203480.7,10.92,11.91,9.13,2025-03-03T14:56:54.263346,10.8,10,10.81,902.02
61,2025-03-03,2784,NADEP,Nadep Laghubittiya bittya Sanstha Ltd.,1006,1010,982.1,994,6216,6193067.7,1006,1190,503,2025-03-03T14:59:56.441628,994,90,996.31,4828.45
62,2025-03-03,2786,PMHPL,Panchakanya Mai Hydropower Ltd,338,338,323.6,327,36633,12053765,333,348.8,214.2,2025-03-03T14:59:59.457497,327,145,329.04,3597
63,2025-03-03,2788,AKJCL,Ankhu Khola Jalvidhyut Company Ltd,225,227.8,216,216.5,458986,101774525.6,224.2,274.9,150.9,2025-03-03T14:59:57.04546,216.5,1437,221.73,4330
64,2025-03-03,2804,SLBSL,Samudayik Laghubitta Bittiya Sanstha Limited,2170.7,2288,2170.7,2244,5412,12167674.8,2215,3047,760.2,2025-03-03T14:59:58.20924,2244,113,2248.27,3832.86
65,2025-03-03,2809,SHIVM,SHIVAM CEMENTS LTD,608.9,608.9,581,581,246088,145837304.8,597,779.9,470.5,2025-03-03T14:59:59.196665,581,1609,592.62,31704.06
66,2025-03-03,2810,UPCL,UNIVERSAL POWER COMPANY LTD,318.9,319.9,309.1,310,281839,88470786.9,314.7,345,183,2025-03-03T14:59:59.815261,310,902,313.9,7067.78
67,2025-03-03,2815,GMFBS,Ganapati Laghubitta Bittiya Sanstha Limited,1899,1899,1833.3,1840,3292,6117244.1,1879.9,2327,813.5,2025-03-03T14:58:49.858494,1840,88,1858.21,2788.6
68,2025-03-03,2824,HURJA,Himalaya Urja Bikas Company Limited,269.2,273,260,260.2,252809,66471619.5,268,333.9,183.6,2025-03-03T14:59:58.877606,260.2,782,262.93,5151.96
69,2025-03-03,2826,GLBSL,Gurans Laghubitta Bittiya Sanstha Limited,3166.4,3220,3090,3150,8129,25583290.1,3231,3486,911,2025-03-03T14:59:33.51528,3150,211,3147.16,3649.26
70,2025-03-03,2829,SMFBS,Swabhimaan Laghubitta Bittiya Sanstha Limited,2030,2050,1995,1995,5952,12051432.2,2064,2426.4,851,2025-03-03T14:59:47.239343,1995,114,2024.77,2915.47
71,2025-03-03,2835,NBF2,NABIL BALANCED FUND-2,9.5,9.7,9.5,9.62,86315,832847.2,9.51,10.63,7.65,2025-03-03T14:56:49.434514,9.62,33,9.64,1077.44
72,2025-03-03,2841,RHPL,RASUWAGADHI HYDROPOWER COMPANY LIMITED,431,440.6,426,428,133044,57572401,430,527,260.3,2025-03-03T14:59:58.306748,428,545,432.73,29284.19
73,2025-03-03,2850,NMBD2085,10 % NMB DEBENTURE 2085,1077.5,1077.5,1076,1076,25,26922.5,1087.1,1135,999,2025-03-03T12:58:46.562763,1076,2,1076.9,1812.53
74,2025-03-03,2863,NICBF,NIC Asia Balanced Fund,9.2,9.36,9.18,9.18,870,8055.2,9.2,10.5,7.71,2025-03-03T13:47:07.368299,9.18,7,9.25,693.09
75,2025-03-03,2869,NICAD8283,11% NIC Asia Debenture 082/83,1084,1084,1083,1083,315,341435,1090,1262.7,1025,2025-03-03T13:08:06.872272,1083,2,1083.92,1981.89
76,2025-03-03,2880,HDHPC,Himal Dolakha Hydropower Company Limited,221,225.9,213.7,213.7,321290,70134489.9,220,273,123.3,2025-03-03T14:59:37.523249,213.7,1110,218.29,5983.6
77,2025-03-03,2887,NICLBSL,NIC ASIA Laghubitta Bittiya Sanstha Limited,725,742,718.5,723,23459,17189911.2,721,907,536,2025-03-03T14:59:57.067359,723,373,732.76,12576.15
78,2025-03-03,2902,LUK,Laxmi Unnati Kosh,9.53,9.89,9.52,9.84,13900,135100,9.71,10.22,7.98,2025-03-03T14:59:32.082382,9.84,16,9.71,642.18
79,2025-03-03,2907,SSHL,Shiva Shree Hydropower Ltd,255,256,246.3,247,306583,76393536.1,252,281.1,154,2025-03-03T14:59:52.898473,247,578,249.17,3646.71
80,2025-03-03,2908,SGIC,Sanima GIC Insurance Limited,736.4,736.4,712,714,68469,49351682.3,722,817.1,496.1,2025-03-03T14:59:59.013799,714,610,720.78,14280
81,2025-03-03,2915,PMLI,Prabhu Mahalaxmi Life Insurance Limited,614.5,637.1,606.5,634,204478,127747050.4,602.5,732.2,473,2025-03-03T14:59:58.137276,634,1347,624.74,29960.3
82,2025-03-03,2917,CGH,Chandragiri Hills Limited,975,981.5,941,941,49542,47409525.2,967.8,1360,760,2025-03-03T14:59:54.861993,941,536,956.95,14435.8
83,2025-03-03,2923,SLCF,Sanima Large Cap Fund,9.48,9.75,9.47,9.67,113560,1101306,9.66,10.6,7.37,2025-03-03T14:58:32.9161,9.67,31,9.69,1160.4
84,2025-03-03,2924,GLH,GreenLife Hydropower Limited,280,284,271,271,100971,27849800.1,279,336,196,2025-03-03T14:59:59.528241,271,559,275.81,4878
85,2025-03-03,2931,NIBD84,8.5% Nepal Investment Bank Debenture 2084,1040,1040,1040,1040,25,26000,1022,1071,903.1,2025-03-03T11:57:50.501291,1040,1,1040,4160
86,2025-03-03,2933,KEF,Kumari Equity Fund,9.01,9.19,8.87,9.19,877871,8056539.49,9.01,10.76,7.79,2025-03-03T14:56:50.849606,9.19,47,9.17,919
87,2025-03-03,2934,SHEL,Singati Hydro Energy Limited,280,284,270.7,272,386959,106574034.3,281,334.4,143.1,2025-03-03T14:59:57.761544,272,1169,275.41,7888
88,2025-03-03,2935,RURU,Ru Ru Jalbidhyut Pariyojana Limited,791,833,791,810,116434,95421975.1,791,926.8,484.9,2025-03-03T14:59:49.693452,810,851,819.53,4595.31
89,2025-03-03,2936,NCCD86,9.5% NCC Debenture 2086,1050.5,1050.5,1050.5,1050.5,50,52525,1040.2,1166.8,907,2025-03-03T11:29:25.487615,1050.5,1,1050.5,3151.5
90,2025-03-03,2937,SBCF,Sunrise Bluechip Fund,9.07,9.25,9.07,9.25,11100,102018,9.24,10.04,7.34,2025-03-03T14:52:19.702703,9.25,21,9.19,1156.25
91,2025-03-03,3946,CHDC,CEDB Holdings Limited,2428.9,2477.4,2390,2420,80485,194587592.4,2428.9,2477.4,627,2025-03-03T14:59:50.452325,2420,913,2417.68,25028.54
92,2025-03-03,4963,NMBD87/88,NMB Debenture 8.50% - 2087/88,1026,1026,1026,1026,50,51300,1025,1082.2,900.2,2025-03-03T14:49:08.422003,1026,2,1026,2052
93,2025-03-03,4965,SAMAJ,Samaj Laghubittya Bittiya Sanstha Limited,3122,3122,2866.6,2866.6,5265,15080228.6,3185.1,4181,1639,2025-03-03T14:59:54.822132,2866.6,190,2864.24,655.02
94,2025-03-03,4968,RMF1,RBB Mutual Fund 1,8.9,9.15,8.81,9.15,69050,620607,8.95,10.19,7.46,2025-03-03T14:57:32.559849,9.15,29,8.98,1143.75
95,2025-03-03,8022,TPC,Terhathum Power Company Limited,625,628.9,609,609,44775,27603339.1,623,671.6,410,2025-03-03T14:59:50.450552,609,274,616.48,2436
96,2025-03-03,8026,NYADI,Nyadi Hydropower Limited,674,674,634,637,96081,62099576.1,670.6,880,272,2025-03-03T14:59:56.631464,637,795,646.32,9555
97,2025-03-03,8034,ENL,Emerging Nepal Limited,1360,1378.9,1320,1330,9940,13378952,1366,1453.5,733.3,2025-03-03T14:59:40.775357,1330,144,1345.97,7389.48
98,2025-03-03,8063,ULBSL,Upakar Laghubitta Bittiya Sanstha Limited,5100,5100,4500,4638,1839,8403723,5000,6600,1075,2025-03-03T14:59:59.258352,4638,116,4569.72,4923.15
99,2025-03-03,8074,KDBY,Kumari Dhanabriddhi Yojana,9.26,9.55,9.2,9.31,72830,688801.4,9.44,11,8.15,2025-03-03T14:59:29.293799,9.31,44,9.45,37.24
100,2025-03-03,8099,UHEWA,Upper Hewakhola Hydropower Company Limited,937,953.8,935,953,19234,18098688.9,939,993.4,330.3,2025-03-03T14:59:57.964191,953,240,940.97,4765
101,2025-03-03,8102,MHL,Mandakini Hydropower Limited,844,859,840,840,10298,8720309.6,843.1,1101,369.1,2025-03-03T14:59:47.885148,840,157,846.79,5432.84
102,2025-03-03,8104,USHEC,Upper Solu Hydro Electric Company Limited,686,686,655,675.1,23003,15449411.6,684,752,341.1,2025-03-03T14:59:55.710247,675.1,236,671.62,9113.85
103,2025-03-03,8106,GIBF1,Global IME Balanced Fund-1,9.85,10.01,9.81,9.95,245788,2443690.6,10.04,10.72,7.92,2025-03-03T14:56:04.663206,9.95,31,9.94,1020.63
104,2025-03-03,8111,HIDCLP,Hydorelectricity Investment and Development Company Limited Promoter,191.7,198.1,187,195.7,1771550,341953390.1,188,212,97.2,2025-03-03T14:59:59.263531,195.7,1741,193.02,6458.1
105,2025-03-03,8121,SPHL,Sayapatri Hydropower Limited,860,860,825.1,825.1,5233,4376370.8,845,922,443,2025-03-03T14:59:58.681936,825.1,84,836.3,2475.3
106,2025-03-03,8125,NSIF2,NMB Sulav Investment Fund - 2,10.4,10.4,10.25,10.38,4175,43279.9,10.25,12.47,8.57,2025-03-03T14:54:57.372376,10.38,13,10.36,1267.4
107,2025-03-03,8126,SIKLES,Sikles Hydropower Limited,1341.7,1374.9,1316.1,1355,7219,9791049.8,1369,1475,455,2025-03-03T14:59:59.260766,1355,125,1356.28,11517.5
108,2025-03-03,8131,EHPL,Eastern Hydropower Limited,872,889,856,857,23764,20616395.5,873,997,423.9,2025-03-03T14:59:45.245325,857,145,867.54,5313.4
109,2025-03-03,8133,PHCL,Peoples Hydropower Company Limited,645,680.3,641,656,90488,59447800.2,643.1,745.6,275.1,2025-03-03T14:59:59.27026,656,834,656.96,20992
110,2025-03-03,9138,NIBLGF,NIBL Growth Fund,8.64,9.1,8.64,9.1,37100,331814,8.8,10.64,7.69,2025-03-03T14:48:49.51229,9.1,23,8.94,1201.2
111,2025-03-03,9139,SAGF,Sanima Growth Fund,9.45,9.51,9.33,9.45,2100,19790,9.45,10.93,8.28,2025-03-03T14:16:49.629655,9.45,10,9.42,635.54
112,2025-03-03,9140,UNLB,Unique Nepal Laghubitta Bittiya Sanstha Limited,2699.9,2699.9,2600,2622,4242,11207482.5,2670,3223,1196,2025-03-03T14:59:59.170409,2622,100,2642.02,3895.64
113,2025-03-03,133,SCB,Standard Chartered Bank Limited,680.1,689,677,677.1,51748,35278460,683,790,508,2025-03-03T14:59:39.291313,677.1,303,681.73,67996.88
114,2025-03-03,134,HBL,Himalayan Bank Limited,259.1,259.1,245,248,119094,29956866.1,254.1,312.1,167.1,2025-03-03T14:59:59.062546,248,432,251.53,53708.41
115,2025-03-03,135,SBI,Nepal SBI Bank Limited,444,445,430,430,62037,27055508.4,437,549,268.6,2025-03-03T14:59:12.438755,430,189,436.11,46866.38
116,2025-03-03,137,EBL,Everest Bank Limited,650,650,633.5,638,106700,68287347,642.3,790,487.3,2025-03-03T14:59:10.54946,638,328,639.99,82587.15
117,2025-03-03,140,MBL,Machhapuchhre Bank Limited,249.9,253.9,242,244,346084,85567744.4,247,295,157.8,2025-03-03T14:59:58.27327,244,591,247.24,28356.11
118,2025-03-03,142,KBL,Kumari Bank Limited,227.2,227.2,218,219.5,533229,118189207.2,222.8,272.9,129.6,2025-03-03T14:59:58.1793,219.5,1115,221.64,57565.77
119,2025-03-03,145,SBL,Siddhartha Bank Limited,313,313,300,304,92050,28093207.6,309,380,214,2025-03-03T14:59:59.694495,304,319,305.19,42833.54
120,2025-03-03,147,SHL,Soaltee Hotel Limited,517,521,507,511,74206,38254448.5,518,636.5,416.5,2025-03-03T14:59:46.403283,511,378,515.51,52217.18
121,2025-03-03,149,OHL,Oriental Hotels Limited,1038,1038,1000,1000,16347,16462875.5,1027,1205,704,2025-03-03T14:59:57.023269,1000,143,1007.08,11844.95
122,2025-03-03,153,BPCL,Butwal Power Company Limited,454.8,482.4,433,443,65723,29053435.5,445.9,536.5,284.4,2025-03-03T14:59:57.974051,443,417,442.05,15102.16
123,2025-03-03,166,DDBL,Deprosc Laghubitta Bittiya Sanstha Limited,846,855,832,844,27291,23048776.8,840,1099,670,2025-03-03T14:59:58.559481,844,249,844.55,15768.33
124,2025-03-03,172,NABBC,Narayani Development Bank Limited,1709.5,1776,1677,1733,107239,184954286.2,1676,1776,395.1,2025-03-03T14:59:59.218263,1733,172,1724.69,4548.56
125,2025-03-03,177,RBCL,Rastriya Beema Company Limited,15700.1,16100,15512.1,15830,1096,17380977.6,15600,22493.9,12800,2025-03-03T14:57:37.45074,15830,74,15858.55,42208.56
126,2025-03-03,180,UAIL,United Ajod Insurance Limited,723.9,738,718,735,97795,71337119.7,722,837.3,515.5,2025-03-03T14:59:58.271809,735,505,729.45,15435
127,2025-03-03,183,NIL,Neco Insurance Limited,806,831.3,805,805,26168,21257917.7,805,1050,750,2025-03-03T14:59:45.232548,805,214,812.36,20249.38
128,2025-03-03,187,NLIC,Nepal Life Insurance Co. Ltd.,858,880,851,852,191519,165758927.4,841.5,1060,566,2025-03-03T14:59:52.160673,852,1525,865.49,76925.06
129,2025-03-03,194,NFS,Nepal Finance Ltd.,830,859.6,816,816,84989,70572768.2,816,2614.9,337.2,2025-03-03T14:59:52.484947,816,849,830.37,6845.78
130,2025-03-03,204,GUFL,Gurkhas Finance Ltd.,685.4,685.4,656,656,21832,14533489,672,1041,548,2025-03-03T14:59:24.258354,656,244,665.69,5694.04
131,2025-03-03,210,CIT,Citizen Investment Trust,2157,2200,2123,2125,27517,59360169.8,2114.9,2700,1887,2025-03-03T14:59:55.965117,2125,494,2157.21,137736.39
132,2025-03-03,213,BNT,Bottlers Nepal (Terai) Limited,14110,14680,13870,14100,830,11776067.5,13840,18100,12208.1,2025-03-03T14:58:10.57666,14100,63,14188.03,17061
133,2025-03-03,219,UNL,Unilever Nepal Limited,47889,47889,47000,47000,60,2828952,47000,56805.8,38400,2025-03-03T14:59:15.94755,47000,6,47149.2,43272.9
134,2025-03-03,227,BFC,Best Finance Company Ltd.,669,684,648,652.7,55471,36750544.7,658,951.6,321,2025-03-03T14:59:51.438395,652.7,408,662.51,5811.8
135,2025-03-03,232,GFCL,Goodwill Finance Limited,775,796,770,772,62911,49395681.6,770,1353,427.1,2025-03-03T14:59:44.973703,772,504,785.16,7304.01
136,2025-03-03,235,HDL,Himalayan Distillery Limited,1356.4,1400,1352,1365,263168,363784983.4,1329.9,1749,1136,2025-03-03T14:59:58.236663,1365,3557,1382.32,41951.93
137,2025-03-03,244,SIFC,Shree Investment Finance Co. Ltd.,601.1,614,590,594,34664,20836165.2,596,795,345.4,2025-03-03T14:59:58.630248,594,288,601.08,5940
138,2025-03-03,245,CFCL,Central Finance Co. Ltd.,674.9,674.9,646,649.9,74158,48766766.6,663.1,820,325.1,2025-03-03T14:59:32.954283,649.9,439,657.6,6166.74
139,2025-03-03,250,JFL,Janaki Finance Company Limited,604.6,620,586,587,93196,56116331.3,592.8,1083.3,355,2025-03-03T14:59:52.969388,587,799,602.13,4053.08
140,2025-03-03,255,PRVU,Prabhu  Bank Limited,239.2,241,231,231.2,304787,71352881.1,236.5,297,132,2025-03-03T14:59:58.975823,231.2,817,234.1,54430.24
141,2025-03-03,256,SFCL,Samriddhi Finance Company Limited,625,640,611.4,617.9,73645,45537694.9,625,1117.9,299.9,2025-03-03T14:59:57.270534,617.9,512,618.34,5060.05
142,2025-03-03,9147,SPL,Shuvam Power Limited,968.1,1007,960.1,965,5900,5711010.2,968.1,1109.6,623.5,2025-03-03T14:59:45.702195,965,114,967.96,1930
143,2025-03-03,9148,SMH,Super Mai Hydropower Limited,1089.1,1130,1047,1069,5506,5948699,1067.8,1283,640,2025-03-03T14:59:36.655259,1069,79,1080.4,5719.15
144,2025-03-03,9154,SFEF,Sunrise Focused Equity Fund,9.31,9.32,9.2,9.24,1500,13872,9.5,10.66,7.41,2025-03-03T13:46:40.11397,9.24,8,9.24,924
145,2025-03-03,9156,TAMOR,Sanima Middle Tamor Hydropower Limited,592.6,592.6,573,574,61346,35535420.6,581,637,348,2025-03-03T14:59:55.561745,574,598,579.26,19128.55
146,2025-03-03,9158,MHCL,Molung Hydropower Company Limited,635,644,622.7,627,41766,26395879.4,633.1,655,355,2025-03-03T14:59:58.516068,627,405,631.99,5031.68
147,2025-03-03,9166,MAKAR,Makar Jitumaya Suri Hydropower Limited,787,798,780,786.9,18588,14722012.1,802.7,860,342,2025-03-03T14:59:58.373846,786.9,189,792.01,5980.44
148,2025-03-03,9167,MKHL,Mai Khola Hydropower Limited,702,728,702,715.5,32649,23474597.8,716,765,353.8,2025-03-03T14:59:55.070492,715.5,271,718.99,2805.88
149,2025-03-03,9171,BEDC,Bhugol Energy Development Company Limited,765,790,686.7,714,96820,69979222.3,763,1080,334,2025-03-03T14:59:58.087703,714,831,722.77,3884.54
150,2025-03-03,9173,CITY,City Hotel Limited,950,961,925,926,19720,18503310.8,953,1168.5,562,2025-03-03T14:59:54.352138,926,362,938.3,15501.24
151,2025-03-03,9174,PRSF,Prabhu Smart Fund,10.3,10.49,10.27,10.49,51675,535689.25,10.45,11.3,8.21,2025-03-03T14:59:44.679749,10.49,24,10.36,1049
152,2025-03-03,9175,MCHL,Menchhiyam Hydropower Limited,630,651,625.3,635,10319,6489023.8,639,714,319,2025-03-03T14:59:45.833776,635,180,628.84,3445.4
153,2025-03-03,9176,IHL,Ingwa Hydropower Limited,770,770.2,741,757,28640,21667002,766,838,341.7,2025-03-03T14:59:59.776838,757,196,756.52,4542
154,2025-03-03,9179,MEL,Modi Energy Limited,360,367.5,350,355.1,109439,38882087.2,361,393,211.1,2025-03-03T14:59:59.006934,355.1,721,355.28,10297.9
155,2025-03-03,9183,NRM,Nepal Republic Media Limited,598.7,645,589.2,590,332013,201290765.5,587,645,338.1,2025-03-03T14:59:59.666499,590,1982,606.27,5708.25
156,2025-03-03,9191,C30MF,Citizens Super 30 Mutual Fund,9,9.52,9,9.52,3300,30752,9.11,10.92,8.11,2025-03-03T14:58:51.947883,9.52,10,9.31,714.69
157,2025-03-03,9196,KBSH,Kutheli Bukhari Small Hydropower Limited,2611.2,2625,2525,2551,1224,3153941.7,2646,3300,942.1,2025-03-03T14:59:58.588866,2551,50,2576.74,3419.73
158,2025-03-03,9198,LVF2,Laxmi Value Fund 2,9.19,9.45,9.19,9.45,14131,133205.31,9.31,10.01,7.5,2025-03-03T14:55:17.490357,9.45,26,9.42,756
159,2025-03-03,9199,RNLI,Reliable Nepal Life Insurance Limited,575,593,575,581,194373,113799557.1,582.9,600.1,412,2025-03-03T14:59:59.007828,581,1396,585.46,26958.4
160,2025-03-03,9203,MEHL,Manakamana Engineering Hydropower Limited,628,639,611.1,620,47776,29649229.4,639,696,283.5,2025-03-03T14:59:59.501851,620,587,620.58,4960
161,2025-03-03,9208,ULHC,Upper Lohore Khola Hydropower Company Limited,580,589,569,569,39281,22712526.1,580,693,306.1,2025-03-03T14:59:47.642543,569,420,578.2,2900.78
162,2025-03-03,9209,CLI,Citizen Life Insurance Company Limited,745,752.5,730,736,203943,150718800.1,738,774.9,428,2025-03-03T14:59:58.210339,736,1844,739.02,28980
163,2025-03-03,9214,BGWT,Bhagawati Hydropower Development Company Limited,1130,1162.8,1117.6,1133.9,10780,12173373.8,1149.9,1361.7,565.7,2025-03-03T14:59:59.233677,1133.9,172,1129.25,6746.11
164,2025-03-03,9215,MSHL,Mid Solu Hydropower Limited,1005,1010,980,1010,9305,9248329.7,1020,1180,562,2025-03-03T14:59:59.216296,1010,186,993.9,7558.84
165,2025-03-03,9216,SONA,Sonapur Minerals And Oil Limited,538,540,521.1,524,157730,83262120.4,538.1,624,422.1,2025-03-03T14:59:59.155907,524,1577,527.87,16113.26
166,2025-03-03,9217,MMKJL,Mathillo Mailun Khola Jalvidhyut Limited,790,800,756,768,13378,10263511.1,780,890.4,395,2025-03-03T14:59:57.503141,768,206,767.19,7680
167,2025-03-03,9218,TVCL,Trishuli Jal Vidhyut Company Limited ,608.8,608.8,586,590,20535,12158333.8,596.9,697,431,2025-03-03T14:59:57.03222,590,231,592.07,10929.75
168,2025-03-03,9221,H8020,Himalayan 80-20,10.25,10.25,10.09,10.24,87850,899810.7,10.25,10.83,8.3,2025-03-03T14:51:52.835758,10.24,47,10.24,102.4
169,2025-03-03,9232,CKHL,Chirkhwa Hydropower Limited ,801,829,788,793,14069,11245617.5,815,910,480.5,2025-03-03T14:59:56.735217,793,166,799.31,3172
170,2025-03-03,9233,NWCL,Nepal Warehousing Company Limited ,1101.2,1147,1086,1130,57210,64103898.8,1079.7,1264,678,2025-03-03T14:59:53.816215,1130,763,1120.5,7768.75
171,2025-03-03,9234,HRL,Himalayan Reinsurance Limited,1020,1100,1020,1092.1,1295506,1387447924.7,1019.1,1100,512,2025-03-03T14:59:59.186642,1092.1,10793,1070.96,113578.4
172,2025-03-03,9238,NABILD87,9% Nabil Debenture 2087,1055,1055,1055,1055,50,52750,1052.1,1105,950,2025-03-03T13:58:44.791116,1055,1,1055,3165
173,2025-03-03,9241,KSY,Kumari Sabal Yojana,8.84,8.9,8.84,8.9,1758,15585.46,9.02,10.91,7.77,2025-03-03T14:42:13.228942,8.9,8,8.86,662.83
174,2025-03-03,9242,SARBTM,Sarbottam Cement Limited,915.4,915.4,875,880,76910,68636596.7,902,1083,556,2025-03-03T14:59:56.57719,880,537,892.42,43784.4
175,2025-03-03,9245,MNMF1,Muktinath Mutual Fund 1,9.2,10,8.85,9.87,258671,2476199.82,9.27,10.42,8.67,2025-03-03T14:59:49.179449,9.87,162,9.57,1233.75
176,2025-03-03,9246,GMLI,Guardian Micro Life Insurance Limited ,1165,1256.4,1165,1256.4,12620,15840555,1142.2,1256.4,301,2025-03-03T14:59:53.520814,1256.4,1263,1255.19,9423
177,2025-03-03,263,GMFIL,Guheshowori Merchant Bank & Finance Co. Ltd.,577.8,579.1,558,564.9,32406,18398775.3,567.1,759,343,2025-03-03T14:59:47.770251,564.9,199,567.75,5717.78
178,2025-03-03,268,SWBBL,Swabalamban Laghubitta Bittiya Sanstha Limited,920,920,891,904.6,20644,18767072.8,915,1232,670,2025-03-03T14:59:17.569365,904.6,168,909.08,14985.83
179,2025-03-03,273,ICFC,ICFC Finance Limited,689,699,676,678,43171,29445073.1,675.8,910,473.2,2025-03-03T14:59:57.952661,678,357,682.05,8023.93
180,2025-03-03,338,PROFL,Progressive Finance Limited,634.7,645,615,618,39162,24413573.6,622.3,865,306,2025-03-03T14:59:40.039304,618,328,623.39,5290.74
181,2025-03-03,358,LBBL,Lumbini Bikas Bank Ltd.,480,481.3,463.1,466,35108,16518098.2,476.8,560,361,2025-03-03T14:59:47.165563,466,193,470.49,16886.34
182,2025-03-03,360,AHPC,Arun Valley Hydropower Development Co. Ltd.,290,293.5,280,280.7,368757,105582097.7,288,349,149,2025-03-03T14:59:50.243542,280.7,1099,286.31,10801.34
183,2025-03-03,371,MDB,Miteri Development Bank Limited,733,735,707,710,45729,32852000.5,725,843.5,388.2,2025-03-03T14:59:58.242541,710,375,718.4,8641.41
184,2025-03-03,393,HLI,Himalayan Life Insurance Limited,455,470,455,462.9,293745,136421804.5,451.9,607,364.1,2025-03-03T14:59:47.95144,462.9,1286,464.42,42324.05
185,2025-03-03,396,NMLBBL,Nerude Mirmire Laghubitta Bittiya Sanstha Limited,720,727,711,713,26734,19251327,711,988,514.5,2025-03-03T14:59:49.119163,713,245,720.1,9966.06
186,2025-03-03,397,ADBL,Agricultural Development Bank Limited,314,315,306.5,309,77760,24204318,309,428.4,220.5,2025-03-03T14:59:07.875797,309,498,311.26,42812.64
187,2025-03-03,450,CORBL,Corporate Development Bank Limited,1981.4,2059,1981,2020,9064,18111838.4,2020,2842.3,405,2025-03-03T14:59:59.78497,2020,130,1998.21,10605
188,2025-03-03,459,KSBBL,Kamana Sewa Bikas Bank Limited,459.7,479.9,456.2,461.7,83210,38881027.8,469,564.8,337,2025-03-03T14:59:57.360298,461.7,382,467.26,16209.58
189,2025-03-03,469,NIMBPO,Nepal Investment Mega Bank Ltd. Promoter Share,162.5,163,159.3,163,26484,4274925.8,164.9,222,122.8,2025-03-03T14:58:31.428042,163,27,161.41,29841.29
190,2025-03-03,471,MPFL,Multipurpose Finance Company  Limited,739,740,715,719,40388,29400410.2,725,936.9,344.1,2025-03-03T14:59:48.83278,719,257,727.94,4387.34
191,2025-03-03,472,SADBL,Shangrila Development Bank Ltd.,450.8,450.8,426,427.2,79912,34533626.5,442,497,287.3,2025-03-03T14:59:29.217496,427.2,236,432.14,15192.33
192,2025-03-03,473,SHINE,Shine Resunga Development Bank Ltd.,455,456,437.1,441,66009,29370593.9,450,625,354,2025-03-03T14:59:10.675791,441,354,444.94,21501.84
193,2025-03-03,490,FMDBL,First Micro Finance Laghubitta Bittiya Sanstha Limited,829.2,840,790.1,810,64535,52542128.4,824,1004,577,2025-03-03T14:59:58.999717,810,388,814.16,10893.46
194,2025-03-03,545,SLBBL,Swarojgar Laghubitta Bittiya Sanstha Ltd.,1014,1028,1000,1001.1,23504,23718174.1,1025,1250,564,2025-03-03T14:59:45.45858,1001.1,200,1009.11,6718.43
195,2025-03-03,559,NLG,NLG Insurance Company Ltd.,964.9,970,934,948.8,147056,139251278.5,951.1,1382,732,2025-03-03T14:59:59.813646,948.8,552,946.92,23745.33
196,2025-03-03,561,SINDU,Sindhu Bikash Bank Ltd,1295.7,1397.3,1220.1,1370,217974,278243478.4,1270.3,1397.3,318,2025-03-03T14:59:59.790011,1370,1595,1276.49,7637.15
197,2025-03-03,574,SKBBL,Sana Kisan Bikas Laghubitta Bittiya Sanstha Limited,875.8,875.8,856,870,27223,23550969.2,858.9,1105,789,2025-03-03T14:59:58.180991,870,245,865.11,37519.81
198,2025-03-03,587,RLFL,Reliance Finance Ltd.,641.1,641.1,605.8,613.5,101603,62926798.8,629,838,346.8,2025-03-03T14:59:58.793042,613.5,705,619.33,6880.11
199,2025-03-03,601,MLBBL,Mithila LaghuBitta Bittiya Sanstha Limited,1745,1795,1727,1760,6111,10719953.6,1780,1960,768.4,2025-03-03T14:59:58.409638,1760,131,1754.2,3941.22
200,2025-03-03,610,RIDI,Ridi Power Company Limited,247,251,242,243.8,154900,38163505.4,247,311,154.5,2025-03-03T14:59:05.519367,243.8,585,246.37,5664.33
201,2025-03-03,634,RBCLPO,Rastriya Beema Company Limited Promoter Share,12020,12300,12020,12100,260,3157135,12250,16270,9893.1,2025-03-03T14:58:50.190518,12100,11,12142.82,21493.18
202,2025-03-03,693,HLBSL,Himalayan Laghubitta Bittiya Sanstha Limited,1098,1099,1050.3,1052,15893,16933995.6,1079,1447,557,2025-03-03T14:59:53.520575,1052,175,1065.5,3364.49
203,2025-03-03,697,API,Api Power Company Ltd.,310,310.9,300,300.2,401433,121703527.5,305.5,390,162,2025-03-03T14:59:59.965096,300.2,1417,303.17,18239.94
204,2025-03-03,704,NMBMF,NMB  Microfinance Bittiya Sanstha Ltd.,826,826.3,803.6,803.6,6447,5257833.2,810.2,918,480,2025-03-03T14:57:03.979745,803.6,84,815.54,5797.57
205,2025-03-03,705,GILB,Global IME Laghubitta Bittiya Sanstha Ltd.,1379,1394,1361.2,1365,6765,9270547.6,1379,1815,779.1,2025-03-03T14:59:58.048246,1365,109,1370.36,8447.99
206,2025-03-03,706,SWMF,Suryodaya Womi Laghubitta Bittiya Sanstha Limited,815,820,810,810,7871,6406067.8,813,1214.8,650.2,2025-03-03T14:59:38.533931,810,121,813.88,8960.92
207,2025-03-03,1741,MERO,Mero Microfinance Bittiya Sanstha Ltd.,840,840,800,815,22967,18632309.6,828,980,522.3,2025-03-03T14:59:58.990867,815,198,811.26,11564.85
208,2025-03-03,2742,HIDCL,Hydorelectricity Investment and Development Company Ltd,303.9,306,298,299,723046,217791410.6,298,360,158.1,2025-03-03T14:59:59.78013,299,1835,301.21,73433.84
209,2025-03-03,2743,NGPL,Ngadi Group Power Ltd.,306,306,295,296,321772,96740437.6,300,571,250,2025-03-03T14:59:53.495389,296,985,300.64,10959.57
210,2025-03-03,2744,GRDBL,Green Development Bank Ltd.,1435,1459,1400,1434.8,34112,48432882.3,1435,2001.4,341,2025-03-03T14:59:57.723218,1434.8,295,1419.81,7729.58
211,2025-03-03,2754,DHPL,Dibyashwori Hydropower Ltd.,388,418.2,385,417,209106,84739334,381,418.2,185.3,2025-03-03T14:59:58.231792,417,1112,405.24,1100.88
212,2025-03-03,2757,AKPL,Arun Kabeli Power Ltd.,260.5,261.5,250.6,250.6,271583,69208905.3,256.4,326,157.2,2025-03-03T14:59:54.169859,250.6,1066,254.83,9763.23
213,2025-03-03,2767,HPPL,Himalayan Power Partner Ltd.,615.5,615.5,591.5,595,116812,70094292.1,603.9,656,244,2025-03-03T14:59:44.377604,595,479,600.06,6339.23
214,2025-03-03,2768,MSLB,Mahuli Laghubitta Bittiya Sanstha Limited,1485,1500,1433.4,1433.4,7077,10338453.4,1475,1851,790,2025-03-03T14:59:57.29862,1433.4,316,1460.85,5302.49
215,2025-03-03,2769,NHDL,Nepal Hydro Developers Ltd.,983,1002.6,965.1,974,58821,57537183.3,964,1002.6,408,2025-03-03T14:59:51.719375,974,223,978.17,3781.04
216,2025-03-03,2776,RADHI,Radhi Bidyut Company Ltd,426.4,429.5,413.2,415,212781,89336523.3,418.1,477,223.2,2025-03-03T14:59:53.357366,415,578,419.85,7631.76
217,2025-03-03,2781,WNLB,Wean Nepal Laghubitta Bittiya Sanstha Limited,3500,3500,3262.2,3262.2,3427,11438018,3440,4271,765,2025-03-03T14:59:47.491871,3262.2,109,3337.61,2584.03
218,2025-03-03,2787,KPCL,Kalika power Company Ltd,590.1,590.1,570.5,575,25628,14818686,589.8,652.4,380.2,2025-03-03T14:59:57.195278,575,207,578.22,5370.21
219,2025-03-03,2789,JOSHI,Joshi Hydropower Development Company Ltd,417,435,417,419,73223,31006757.9,424.9,521.6,265,2025-03-03T14:59:59.57054,419,391,423.45,1556.17
220,2025-03-03,2790,ACLBSL,Aarambha Chautari Laghubitta Bittiya Sanstha Limited,1245,1245,1211.1,1224,7462,9138206.2,1237.9,1491,600,2025-03-03T14:59:58.97913,1224,119,1224.63,4493.84
221,2025-03-03,2792,UPPER,Upper Tamakoshi Hydropower Ltd,221,228,217,217.3,453870,100247653.6,221.5,295,152.1,2025-03-03T14:59:59.532675,217.3,1918,220.87,46024.14
222,2025-03-03,2806,GHL,Ghalemdi Hydro Limited,281,289,273.2,285,960141,271720964.4,278,289,141,2025-03-03T14:59:59.722585,285,2332,283,4702.5
223,2025-03-03,2807,ALBSL,Asha Laghubitta Bittiya Sanstha Ltd,913,934,909.9,909.9,19816,18169494.8,918.1,1177,625,2025-03-03T14:57:55.880012,909.9,203,916.91,6669.99
224,2025-03-03,2811,MHNL,Mountain Hydro Nepal Limited,285,290,280,280,22090,6274029.5,285,379,215.7,2025-03-03T14:59:59.358969,280,126,284.02,3500
225,2025-03-03,2813,PPCL,Panchthar Power Compant Limited,337,337,325,327,76268,25014289.6,330.9,367.2,220,2025-03-03T14:59:51.865729,327,231,327.97,3147.38
226,2025-03-03,2831,UNHPL,Union Hydropower Limited,350.3,364.4,346.2,351,120716,42771840,357.4,371,212.6,2025-03-03T14:59:59.7499,351,475,354.31,2632.5
227,2025-03-03,2832,ILBS,Infinity Laghubitta Bittiya Sanstha Limited,1053,1053,1012,1012.1,8386,8565391,1034.7,1492,658,2025-03-03T14:59:43.565649,1012.1,126,1021.39,5034.35
228,2025-03-03,2842,SJCL,SANJEN JALAVIDHYUT COMPANY LIMITED,365.9,370.9,360,363.5,55804,20301091.4,373.3,442,256,2025-03-03T14:59:59.44517,363.5,319,363.79,13267.75
229,2025-03-03,2859,SIGS2,Siddhartha Investment Growth Scheme - 2,9.9,10,9.81,9.81,267915,2661207.65,9.89,10.39,7.45,2025-03-03T14:59:18.718781,9.81,19,9.93,1177.2
230,2025-03-03,2860,SAPDBL,Saptakoshi Development Bank Ltd,1250,1275,1244.19,1264,62274,78460356.3,1229,1622.7,245,2025-03-03T14:59:59.978797,1264,587,1259.92,10546.04
231,2025-03-03,2862,CMF2,CITIZENS MUTUAL FUND 2,9.5,9.6,9.49,9.6,1900,18080,9.67,10.68,7.58,2025-03-03T14:55:13.390989,9.6,8,9.51,537.6
232,2025-03-03,2867,NMB50,NMB 50,10.39,10.8,10.39,10.6,25967,273004.9,10.39,12.54,8.95,2025-03-03T13:25:32.029173,10.6,11,10.51,1325
233,2025-03-03,2877,SFMF,Sunrise First Mutual Fund,10.5,10.71,10.15,10.3,91814,974889.04,10.6,11.99,9.22,2025-03-03T14:57:33.746456,10.3,35,10.61,885.8
234,2025-03-03,2881,NRIC,Nepal Reinsurance Company Limited,1301,1340,1301,1332,552102,734202929.3,1323,1348.1,630.1,2025-03-03T14:59:58.278374,1332,2763,1329.83,178783.53
235,2025-03-03,2890,SBIBD86,10% Nepal SBI Bank Debenture 2086,1078,1078,1078,1078,25,26950,1075,1154.9,1000,2025-03-03T11:45:39.289699,1078,1,1078,2192.53
236,2025-03-03,2896,SMPDA,Sampada Laghubitta Bittiya Sanstha Limited,1033,1033,980,995,10972,10960496.5,1013,1470.8,575,2025-03-03T14:59:58.207428,995,161,998.95,6973.54
237,2025-03-03,2898,NRN,NRN Infrastructure and Development Limited,1595,1651.3,1565,1606,147509,236896969.6,1590,1651.3,478.3,2025-03-03T14:59:59.936488,1606,975,1605.98,20627.02
238,2025-03-03,2903,LEC,Liberty Energy Company Limited,240,240,227.4,228,361772,83831993.9,237.9,344,175.1,2025-03-03T14:59:55.959873,228,1353,231.72,5130
239,2025-03-03,2909,SGICP,Sanima GIC Insurance Limited Promoter Share,100,100,100,100,72857,18214250,100,100,100,2025-03-03T12:34:14.791336,100,1,250,
240,2025-03-03,2913,MEN,Mountain Energy Nepal Limited,629.9,632,619,619,75344,47020334.1,623,809.5,498.1,2025-03-03T14:59:36.174533,619,462,624.07,16110.81
241,2025-03-03,2914,UMRH,United IDI Mardi RB Hydropower Limited.,733,733,700.2,707,61194,43418806.8,720,790,325,2025-03-03T14:59:58.23405,707,450,709.52,3132.72
242,2025-03-03,2919,NIFRA,Nepal Infrastructure Bank Limited,305.4,308,293.6,294.9,526070,156999247.1,299.5,366.6,188.1,2025-03-03T14:59:59.130802,294.9,2264,298.43,63698.4
243,2025-03-03,2925,MLBSL,Mahila Lagubitta Bittiya Sanstha Limited ,2510,2569,2442,2487,6442,16063358.6,2509.9,2648.7,1556,2025-03-03T14:58:56.241154,2487,133,2493.53,5410.78
244,2025-03-03,4947,PSF,Prabhu Select Fund,10.05,10.51,10.05,10.39,291110,3031659.4,10.21,11.1,8.34,2025-03-03T14:59:04.589875,10.39,72,10.41,1298.75
245,2025-03-03,4949,NIBSF2,NIBL Samriddhi Fund -2,8.58,8.85,8.51,8.75,132700,1161011.5,8.75,9.6,7.07,2025-03-03T14:10:34.476536,8.75,27,8.74,1312.5
246,2025-03-03,4951,JBLB,Jeevan Bikas Laghubitta  Bittya Sanstha Ltd,1460,1460,1433,1440,10880,15711975.7,1434,1920,1225,2025-03-03T14:59:54.169326,1440,282,1444.11,22120.87
247,2025-03-03,4959,NBLD87,8.5% Nepal Bank Debenture 2087,1030,1030,1030,1030,30,30900,1030,1073,900,2025-03-03T11:44:21.342834,1030,1,1030,3605
248,2025-03-03,4967,NICSF,NIC Asia Select Fund 30,9.2,9.42,9.2,9.3,7250,67299,9.24,11.45,8.31,2025-03-03T14:25:08.772106,9.3,22,9.28,1162.5
249,2025-03-03,5982,SRLI,Sanima Reliance Life Insurance Limited,465,474.4,455,460.7,217764,101368534.4,462,654,415,2025-03-03T14:59:58.556392,460.7,1365,465.49,22818.77
250,2025-03-03,6985,SDBD87,Shangri-la Development Bank Debenture 2087,1035.4,1046,1035.4,1046,50,52035,1040.2,1114,885.2,2025-03-03T14:15:29.712998,1046,2,1040.7,784.5
251,2025-03-03,7986,NICD88,NIC ASIA Rinpatra 2088,1025,1030,1025,1030,275,282000,1030,1083,935,2025-03-03T14:57:52.088098,1030,6,1025.45,1621.09
252,2025-03-03,8004,GBILD86/87,Global IME Bank Limited Debenture 2086/87,1025,1025,1025,1025,25,25625,1021,1083,900,2025-03-03T13:16:08.260181,1025,1,1025,3075
253,2025-03-03,8005,MKJC,Mailung Khola Jal Vidhyut Company Limited,600,607.9,583,585,60308,35978338.9,594,735,402,2025-03-03T14:57:56.756694,585,373,596.57,2201.47
254,2025-03-03,8018,MLBS,Manushi Laghubitta Bittiya Sanstha Limited,2200,2219,1970,2079,8625,17833730.4,2187.9,2530,676,2025-03-03T14:59:58.203458,2079,209,2067.67,2273.91
255,2025-03-03,8021,SAHAS,Sahas Urja Limited,536,555,536,546,470469,257940147.9,536,725,409.5,2025-03-03T14:59:56.425885,546,2224,548.26,20638.8
256,2025-03-03,8023,MMF1,Mega Mutual Fund -1,8.81,8.95,8.56,8.95,216640,1901786.9,8.82,9.72,6.53,2025-03-03T14:54:44.925457,8.95,67,8.77,1118.75
257,2025-03-03,8024,NBF3,Nabil Balanced Fund-3,9.2,9.42,9.2,9.42,163449,1525609.8,9.18,10.45,7.05,2025-03-03T14:56:45.536937,9.42,73,9.33,1177.5
258,2025-03-03,8025,SPC,Samling Power Company Limited,634,635.4,614,623,80813,50641879.6,623,722,464,2025-03-03T14:59:58.779874,623,519,626.65,3115
259,2025-03-03,8031,MBJC,Madhya Bhotekoshi Jalavidyut Company Limited,352.8,369,352.8,358,72106,25801530.6,360,433,279.3,2025-03-03T14:59:21.797742,358,861,357.82,21480
260,2025-03-03,8032,BNHC,Buddha Bhumi Nepal Hydropower Company Limited,568,569.1,546.7,549,24730,13688424.6,558,742,422,2025-03-03T14:59:45.712122,549,278,553.51,2196
261,2025-03-03,8033,GBBD85,Garima Debenture, 2085,1035.5,1035.5,1035.5,1035.5,25,25887.5,1040.4,1090.3,900,2025-03-03T14:26:00.48032,1035.5,1,1035.5,1035.5
262,2025-03-03,8041,NESDO,NESDO Sambridha Laghubitta Bittiya Sanstha Limited,2397,2397,2330,2340,2484,5838968.1,2359,2641,1520.1,2025-03-03T14:58:38.770673,2340,69,2350.63,5967
263,2025-03-03,8043,CBLD88,Civil Bank Debenture 2088,1130,1130,1121.3,1121.8,75,84327.5,1131.5,1254.2,995,2025-03-03T14:39:28.600654,1121.8,3,1124.36,3365.4
264,2025-03-03,8045,GVL,Green Ventures Limited,549,552.9,540,542,24022,13109931,549,699.9,402.4,2025-03-03T14:59:39.221065,542,272,545.74,18631.25
265,2025-03-03,8055,BHL,Balephi Hydropower Limited,370,376,367,369.1,28106,10449292.8,366,520,312.7,2025-03-03T14:59:53.5276,369.1,229,371.78,13494.07
266,2025-03-03,8065,CYCL,CYC Nepal Laghubitta Bittiya Sanstha Limited,1886,1886,1800,1815,9020,16402359.9,1851.5,1958,1157.2,2025-03-03T14:59:31.395134,1815,195,1818.44,4835.6
267,2025-03-03,8066,RFPL,River Falls Power Limited,841,860,830,839.9,47208,39685888,842,1484,322.9,2025-03-03T14:59:59.220966,839.9,605,840.66,5879.3
268,2025-03-03,8070,DORDI,Dordi Khola Jal Bidyut Company Limited,431.2,465,426.3,431,181254,80306577.6,422.8,696,356.4,2025-03-03T14:59:51.987274,431,1372,443.06,9087.72
269,2025-03-03,8073,NICFC,NIC Asia Flexi CAP Fund,9.03,9.25,9.03,9.16,5400,49534,9.07,10.99,8.13,2025-03-03T14:55:34.631247,9.16,27,9.17,93.43
270,2025-03-03,8075,BHDC,Bindhyabasini Hydropower Development Company Limited,690,696,662,680,35679,24133031.1,690,829.7,434.2,2025-03-03T14:59:57.62423,680,246,676.39,7711.2
271,2025-03-03,8076,HHL,Himalayan Hydropower Limited,584,607.4,576.3,585,30016,17580969,590,635,318,2025-03-03T14:59:56.437223,585,308,585.71,6405.75
272,2025-03-03,8100,SGHC,Swet-Ganga Hydropower & Construction Limited ,574.2,590,565,577,30161,17293899.4,584,649.5,300.5,2025-03-03T14:59:58.140352,577,303,573.38,9191.61
273,2025-03-03,8108,RHGCL,Rapti Hydro And General Construction Limited,640,700,640,650,41672,27143466.6,649,708,286,2025-03-03T14:59:59.388338,650,338,651.35,3983.16
274,2025-03-03,8117,AVYAN,Aviyan Laghubitta Bittiya Sanstha Limited,1200,1224,1190.1,1200,11913,14298145,1212,1306.8,581,2025-03-03T14:59:49.095525,1200,150,1200.21,3000
275,2025-03-03,8122,PPL,People's Power Limited,590,595.1,576.2,576.3,34574,20074057.6,590,683.4,316.6,2025-03-03T14:59:58.512711,576.3,340,580.61,3645.67
276,2025-03-03,8123,DLBS,Dhaulagiri Laghubitta Bittiya Sanstha Limited,1854,1870,1822,1822,3527,6488717.4,1888.9,2250,810,2025-03-03T14:59:44.256725,1822,117,1839.72,2425.08
277,2025-03-03,8132,SHLB,Shrijanshil Laghubitta Bittiya Sanstha Limited,2697.9,2698,2560,2588,4310,11247480.7,2650,2907,832.2,2025-03-03T14:58:27.047445,2588,127,2609.62,2830.63
278,2025-03-03,9135,BHPL,Barahi Hydropower Public Limited,1046,1046,991,991,17642,18143671,1063,1275,449,2025-03-03T14:59:42.064188,991,167,1028.43,2477.5
279,2025-03-03,9146,SMHL,Super Madi Hydropower Limited,1062,1062,1025,1034.9,13581,14025634,1042,1657,421.5,2025-03-03T14:59:59.643269,1034.9,297,1032.73,22819.55
280,2025-03-03,9149,MKHC,Maya Khola Hydropower Company Limited,591,600,578,582,52969,31121004,595,627,279,2025-03-03T14:59:57.852282,582,419,587.53,5820
281,2025-03-03,9150,AHL,Asian Hydropower Limited,775.1,785,744.8,770,27785,21218221.4,785,904,410.1,2025-03-03T14:59:44.395427,770,265,763.65,2618
282,2025-03-03,9151,KDL,Kalinchowk Darshan Limited,1306.3,1306.3,1270,1290,16546,21272557.8,1283,1381,752.1,2025-03-03T14:59:51.857011,1290,231,1285.66,7740
283,2025-03-03,9159,SMJC,Sagarmatha Jalabidhyut Company Limited,655,669,647.9,651,109201,71932331.3,655,800,343.6,2025-03-03T14:59:57.573607,651,823,658.71,7637.53
284,2025-03-03,9161,ANLB,Aatmanirbhar Laghubitta Bittiya Sanstha Limited,4751,4932.7,4720,4773,2653,12640113.7,4748.1,6735,1856.2,2025-03-03T14:54:33.480073,4773,83,4764.46,3739.33
285,2025-03-03,9170,DOLTI,Dolti Power Company Limited,758.8,772,730,730,17077,12666011.8,744,1017,350.6,2025-03-03T14:59:35.023501,730,239,741.7,3916.35
286,2025-03-03,9178,RMF2,RBB Mutual Fund 2,9.3,9.3,9.13,9.3,8000,74383,9.12,10.73,7.91,2025-03-03T14:57:20.294408,9.3,3,9.29,786.89
287,2025-03-03,9181,RAWA,Rawa Energy Development Limited,920,934,900.1,908,8007,7337542.3,925,990,450,2025-03-03T14:59:55.264101,908,114,916.39,2542.4
288,2025-03-03,9182,SIGS3,Siddhartha Investment Growth Scheme 3,9.65,10.19,9.65,10.19,638490,6439907.5,9.82,10.81,7.86,2025-03-03T14:59:29.582451,10.19,34,10.08,821.11
289,2025-03-03,9184,ILI,IME Life Insurance Company Limited,513,517.2,508,508,93881,48089036.4,513,606,412.5,2025-03-03T14:59:35.343494,508,1221,512.23,25400
290,2025-03-03,9192,USHL,Upper Syange Hydropower Limited,818,818,800,809,7931,6401746.2,804,961,450,2025-03-03T14:59:57.122251,809,136,807.18,1779.8
291,2025-03-03,9193,GCIL,Ghorahi Cement Industry Limited,588.1,613,585.5,588,193145,114111407.9,600,668,460,2025-03-03T14:59:58.395797,588,1428,590.8,26857.99
292,2025-03-03,9194,TSHL,Three Star Hydropower Limited,910,916,890,890,9138,8193259.8,899,1231,465.6,2025-03-03T14:59:53.505638,890,130,896.61,4383.25
293,2025-03-03,9201,SNLI,Sun Nepal Life Insurance Company Limited,735,740,720,720,136399,99381545.3,732.5,744.5,447.2,2025-03-03T14:59:53.966595,720,1144,728.6,28523.52
294,2025-03-03,9212,MANDU,Mandu Hydropower Limited,991,1001.9,976,976,11354,11183072.3,990.1,1493.1,654.3,2025-03-03T14:59:55.179576,976,177,984.94,13309.1
295,2025-03-03,9213,HATHY,Hathway Investment Nepal Limited,1590,1600,1545,1549,46062,71983273.9,1575,1816,808.5,2025-03-03T14:59:59.881281,1549,588,1562.74,43858.39
296,2025-03-03,9225,VLUCL,Vision Lumbini Urja Company Limited ,750,765,740,740,31861,23865006.8,750,816,445.1,2025-03-03T14:58:45.838006,740,336,749.03,14152.5
297,2025-03-03,9230,MKCL,Muktinath Krishi Company Limited,1820,1839,1787.1,1800,17216,31159018.8,1795,1926,785,2025-03-03T14:59:59.128103,1800,293,1809.88,12600
298,2025-03-03,9236,NICGF2,NIC ASIA Growth Fund-2,8.6,8.77,8.6,8.77,3100,26994.5,8.72,9.79,7.32,2025-03-03T14:51:42.240712,8.77,26,8.7,793.68
299,2025-03-03,9244,NIBLSTF,NIBL Stable Fund,8.58,8.92,8.51,8.91,11850,104966.5,8.75,10.55,7.95,2025-03-03T14:58:46.08163,8.91,20,8.85,1006.83
300,2025-03-03,9248,GSY,Garima Samriddhi Yojana,9.3,9.98,9.15,9.79,58951,562568.3,9.4,10,8.8,2025-03-03T14:58:05.665793,9.79,115,9.54,1223.75